Video ID,Playlist Video Creation Timestamp
hokGXqEsCXk,2020-04-17T19:21:12+00:00
zrProK5R7ms,2020-04-17T19:22:32+00:00
P_4uEaZQ2Kg,2020-04-17T19:29:15+00:00
y-E7_VHLvkE,2020-04-17T19:29:34+00:00
ikDEHygZzlI,2020-04-17T19:30:57+00:00
X0kRSGTfmzA,2020-04-17T19:35:19+00:00
76hloAeSvSQ,2020-04-17T19:38:11+00:00
Gxhc6OxF-_Q,2020-04-17T19:39:34+00:00
kM_sPPkp4jQ,2020-04-17T19:40:53+00:00
oFkzZHIcgFs,2020-04-17T19:41:22+00:00
NfwZfGAKyec,2020-04-17T19:42:01+00:00
9BlGnzGICNQ,2020-04-17T19:42:12+00:00
hW_WLxseq0o,2020-04-17T19:42:39+00:00
PD-MdiUm1_Y,2020-04-17T19:43:05+00:00
Jm0psINp6VE,2020-04-17T23:03:21+00:00
NGzYWDZD4gI,2020-04-17T23:03:33+00:00
 -omUWBI--4w,2020-04-17T23:03:49+00:00
AwOLjPcFyYQ,2020-04-17T23:03:59+00:00
eiEZZuQTG1w,2020-04-17T23:04:06+00:00
jNr4Urc_erw,2020-04-17T23:04:12+00:00
NGzYWDZD4gI,2020-04-17T23:04:22+00:00
4yu7PFu36-o,2020-04-17T23:04:30+00:00
1kcoOF7_mfU,2020-04-26T22:05:16+00:00
E0jfBKAPz_4,2020-04-26T22:07:56+00:00
xf_NpgbNSTY,2020-04-26T22:12:00+00:00
ktDsE09W2Rk,2020-04-26T22:12:14+00:00
eO66668JHtA,2020-04-26T22:12:37+00:00
YRRNu1CD4AM,2020-04-26T22:12:56+00:00
1mz43B4cK1I,2020-05-05T17:31:21+00:00
22FCSMEUGcM,2020-05-05T17:32:07+00:00
Z5AxkUe03GM,2020-05-10T17:19:00+00:00
VnCvS2A7REo,2020-05-10T17:19:42+00:00
YDgqP_4Q_fM,2020-05-10T23:41:05+00:00
Z18E_kfAJ5Y,2020-05-19T19:35:16+00:00
v72W-S-hMsk,2020-05-27T16:37:12+00:00
QaMvpDDuGuw,2020-07-12T02:54:21+00:00
tWoOXozux_c,2020-07-12T02:58:06+00:00
lzuYS_I8dpo,2020-07-12T02:58:29+00:00
z32RGWIURJ8,2020-07-12T02:58:48+00:00
Qi-e0dKczJc,2020-07-12T02:59:06+00:00
iR4_D6P6Hrc,2020-07-12T02:59:23+00:00
A-CqDFfJ0Rc,2020-07-12T03:00:21+00:00
A8rVM8GlD4c,2020-07-12T03:00:56+00:00
A6SvkBhYwso,2020-07-12T05:05:04+00:00
GEPbDJ_6aBM,2020-07-12T05:05:24+00:00
 -gaV9xtcntQ,2020-07-12T05:05:58+00:00
a5MCjmyKUjM,2020-07-12T05:06:11+00:00
XsYtdO6VhR8,2020-07-12T05:06:19+00:00
fOhnZD1lJCY,2020-07-12T05:06:34+00:00
60vmZxmH8Ls,2020-07-12T05:06:44+00:00
QREmPd8P5wg,2021-01-26T18:28:23+00:00
UVjYox3l4Tk,2021-02-11T02:13:08+00:00
UVjYox3l4Tk,2021-02-11T02:13:14+00:00
lHTUFTs7oFw,2021-02-12T01:29:04+00:00
uGNe9zYWbwE,2021-07-06T21:00:09+00:00
GXAxZ_a6SO0,2021-07-17T02:12:45+00:00
GDfRQ5FHeUU,2021-08-05T22:34:25+00:00
6-R00mSIIGk,2021-08-06T04:16:00+00:00
x1JZGT5BMbU,2021-11-21T20:57:26+00:00
xCnOECUSo20,2021-11-24T02:11:53+00:00
puMifZvxa5s,2021-11-29T04:27:45+00:00
pftPKud6YK4,2021-11-29T04:31:12+00:00
Bx92zPPDpzQ,2021-11-29T04:31:36+00:00
z8PX8z3zeGQ,2021-11-29T04:32:48+00:00
8yXCQkJTiU8,2021-11-29T04:35:49+00:00
fStQUpqVLM8,2021-11-29T13:43:01+00:00
NaRBvsdfgBU,2021-12-03T14:47:11+00:00
ATrgJwO409U,2021-12-07T17:06:08+00:00
G5DpUYph3Ck,2021-12-08T18:29:46+00:00
hzA0VrMmRkk,2022-01-03T18:43:17+00:00
prkD41Gm4zI,2022-01-16T03:40:19+00:00
z-_ILA1QN64,2022-01-16T03:45:13+00:00
jvdDhY57R3U,2022-01-28T16:10:39+00:00
YXaNLDL-Xac,2022-04-03T04:57:10+00:00
gEz9ZybaZcY,2022-04-06T14:01:19+00:00
DvnxE_Mdqog,2022-04-23T13:52:20+00:00
DpXKkh9TB-Y,2022-09-09T19:04:23+00:00
rgmBc2BaM2A,2022-11-01T14:56:30+00:00
VsJI6DaLNJg,2022-11-09T23:44:38+00:00
Epz3H72duKg,2022-11-11T15:26:16+00:00
1OL7f-BS8Vk,2022-11-12T13:27:01+00:00
2GtBJWhmYIs,2022-12-12T06:07:49+00:00
vV4uGNZmPTI,2022-12-12T06:12:32+00:00
wslkLNFNhyo,2022-12-25T21:22:47+00:00
e4OMWW25Fzc,2023-04-24T03:39:30+00:00
bZ74bm6c7cw,2023-05-02T02:11:36+00:00
Up8y4tuioqs,2023-05-07T05:47:14+00:00
k59joZ4fUvc,2023-05-12T02:44:29+00:00
R5iDlfgwbog,2023-06-27T14:19:25+00:00
x9mFXevKl8A,2023-06-27T14:22:04+00:00
JXpVnKgTy6s,2023-07-21T14:56:16+00:00
2L5qA9PEeQw,2023-07-23T18:37:45+00:00
pqSsDjryQ-o,2023-07-25T15:21:12+00:00
BGfPebD6Q2o,2023-08-07T21:05:38+00:00
3n7rHQofX4s,2023-08-07T21:06:00+00:00
wASwRdeP3AU,2023-08-07T21:06:24+00:00
FggCtiQTsgw,2023-08-07T21:06:59+00:00
4HiZ3JsKsEg,2023-08-07T21:07:16+00:00
SS8Cqhy2iao,2023-08-07T21:07:29+00:00
oFu68TC1NJ0,2023-09-23T19:05:49+00:00
JQleSL3zvp8,2024-04-12T15:22:04+00:00
FEoKfLjoADQ,2024-04-12T18:10:42+00:00
JdFk-9cbOUU,2024-08-18T04:33:14+00:00
eBb5JZKzlc0,2025-01-19T17:44:17+00:00
KoPx60ZkBfs,2025-01-20T21:27:36+00:00
DWuAn6C8Mfc,2025-03-10T01:24:07+00:00
Son3uEYsixU,2025-04-06T14:44:41+00:00
HybtBxZKUY8,2025-05-12T01:57:53+00:00
qR_TaEM7feY,2025-05-12T02:00:47+00:00
234Mq_xBR8Q,2025-05-12T23:48:53+00:00
KonalXX05Ws,2025-05-13T00:12:29+00:00
gyLEOYdgcAY,2025-11-08T23:38:25+00:00
oyeQnGUomHM,2025-11-11T23:47:01+00:00
0Cc0LrHM31E,2025-11-16T05:35:01+00:00
RqrMm3qn6AM,2025-12-12T02:42:53+00:00
kvFsr8p5dY8,2025-12-15T02:55:03+00:00
ru4yNVr_ouA,2025-12-28T02:52:32+00:00
_zEbR9DKhR4,2026-01-02T02:12:58+00:00
k-WSbMW7BPc,2026-01-03T21:54:55+00:00
eIaESzQ1X9w,2026-01-11T22:30:52+00:00
bqeJfQSEbYk,2026-01-11T22:39:52+00:00
ptqutsPcXGI,2026-01-13T05:37:11+00:00
cUx4nqLMgKI,2026-01-20T22:42:30+00:00
cxVOMisI9JA,2026-01-23T04:24:14+00:00
0KGJmRbM-yo,2026-01-24T02:52:28+00:00
ErADnQSldZE,2026-05-24T01:44:36+00:00





