Channel Id,Channel Url,Channel Title
UC-2JUs_G21BrJ0efehwGkUw,http://www.youtube.com/channel/UC-2JUs_G21BrJ0efehwGkUw,Scary Pockets
UC-2XD3qNfv5jn54MtJijVsg,http://www.youtube.com/channel/UC-2XD3qNfv5jn54MtJijVsg,Umar Naqshbandi
UC-RA5BzE_BnZhf5iVdNF1hA,http://www.youtube.com/channel/UC-RA5BzE_BnZhf5iVdNF1hA,loopop
UC-T_5OwUPKZBG4avG6JTwhA,http://www.youtube.com/channel/UC-T_5OwUPKZBG4avG6JTwhA,ZJ Michaels
UC-UxrFrCVL148dludH9g56g,http://www.youtube.com/channel/UC-UxrFrCVL148dludH9g56g,Wolfgang's Funk & Reggae
UC-W8Qu2Zb407kjVhW-5U-SA,http://www.youtube.com/channel/UC-W8Qu2Zb407kjVhW-5U-SA,SmartLess
UC-hzdDzHuWalEF7-rG8LrNw,http://www.youtube.com/channel/UC-hzdDzHuWalEF7-rG8LrNw,genuinelyfunnynazi
UC-oSaKCCEffJph0F7m6_xfA,http://www.youtube.com/channel/UC-oSaKCCEffJph0F7m6_xfA,intheblues
UC-smeLB9AnOTeypr1YyjJ3A,http://www.youtube.com/channel/UC-smeLB9AnOTeypr1YyjJ3A,ARTE Concert
UC0QwGb6erlvTQE_bFbrGmKw,http://www.youtube.com/channel/UC0QwGb6erlvTQE_bFbrGmKw,You Can't Unhear This
UC0ivyYvmGw-R-YWquYxhntA,http://www.youtube.com/channel/UC0ivyYvmGw-R-YWquYxhntA,Daniel Thourot
UC0vY16BCeJBfFxC8WjIkXpQ,http://www.youtube.com/channel/UC0vY16BCeJBfFxC8WjIkXpQ,Steve Westman
UC1kdsZUTDSW1BtsHEoYx4WQ,http://www.youtube.com/channel/UC1kdsZUTDSW1BtsHEoYx4WQ,Sweetwater
UC1pv_b3uXJ0ADdzU4kwVd1Q,http://www.youtube.com/channel/UC1pv_b3uXJ0ADdzU4kwVd1Q,The Big Negative - Photography Channel 
UC21BwBKSKiPFbNvzl3-eh_A,http://www.youtube.com/channel/UC21BwBKSKiPFbNvzl3-eh_A,MusicTechHelpGuy
UC23xW9iC-ADQBLABJ9uIZww,http://www.youtube.com/channel/UC23xW9iC-ADQBLABJ9uIZww,MusicRadar Tech
UC26Dgi2BrrCK-CFPXdAPqow,http://www.youtube.com/channel/UC26Dgi2BrrCK-CFPXdAPqow,Scott Schaus
UC2hwwXiVc9v3F_U-kGQGcUw,http://www.youtube.com/channel/UC2hwwXiVc9v3F_U-kGQGcUw,Mercedes-Benz Canada
UC2pn4FHmt3Td-A2kkhcYAqg,http://www.youtube.com/channel/UC2pn4FHmt3Td-A2kkhcYAqg,Global Mind Apparel
UC3-bPR5iWTDtmic9zPgK6Nw,http://www.youtube.com/channel/UC3-bPR5iWTDtmic9zPgK6Nw,Creating Music and Sound
UC32f6-lGeawQyUvWhId8Ssw,http://www.youtube.com/channel/UC32f6-lGeawQyUvWhId8Ssw,AlainHubert
UC3DZY3yokLDP_rQSIS9tYOg,http://www.youtube.com/channel/UC3DZY3yokLDP_rQSIS9tYOg,Joseph Blake Photography
UC3I2GFN_F8WudD_2jUZbojA,http://www.youtube.com/channel/UC3I2GFN_F8WudD_2jUZbojA,KEXP
UC3ZR8kjzs1pf6aH_SMiT3Pw,http://www.youtube.com/channel/UC3ZR8kjzs1pf6aH_SMiT3Pw,Moog Music
UC3iaHWGSLBWaP_Wkppysb2Q,http://www.youtube.com/channel/UC3iaHWGSLBWaP_Wkppysb2Q,Democratic Party of Wisconsin
UC4OAAbxtB6QEKaTDb-SEe-Q,http://www.youtube.com/channel/UC4OAAbxtB6QEKaTDb-SEe-Q,Ricky Tinez
UC4eYXhJI4-7wSWc8UNRwD4A,http://www.youtube.com/channel/UC4eYXhJI4-7wSWc8UNRwD4A,NPR Music
UC51BUEz6FaaobTWSWJeH-tQ,http://www.youtube.com/channel/UC51BUEz6FaaobTWSWJeH-tQ,Muriel Grossmann
UC56yz5_953StkxbHLETuZDA,http://www.youtube.com/channel/UC56yz5_953StkxbHLETuZDA,Jim Alfredson
UC5Dgfqb8_N9OSa-3uCNiixA,http://www.youtube.com/channel/UC5Dgfqb8_N9OSa-3uCNiixA,Ivory Emperor - The James Booker Archive
UC5Gb9pWYSfcpEdTb6vf9Dbg,http://www.youtube.com/channel/UC5Gb9pWYSfcpEdTb6vf9Dbg,Zarna Garg
UC5ZEIQ-owq_WnnzsJUd3_BA,http://www.youtube.com/channel/UC5ZEIQ-owq_WnnzsJUd3_BA,Andri Søren
UC6DVbxL9UiLPRSiyUZ5D3Cg,http://www.youtube.com/channel/UC6DVbxL9UiLPRSiyUZ5D3Cg,LNA Does Audio Stuff
UC6ZFN9Tx6xh-skXCuRHCDpQ,http://www.youtube.com/channel/UC6ZFN9Tx6xh-skXCuRHCDpQ,PBS NewsHour
UC6ihEVZCc97RfvrzDaXoAHg,http://www.youtube.com/channel/UC6ihEVZCc97RfvrzDaXoAHg,Bonners Music: Pianos & Keyboards
UC6jC6rHgoPN8SRUCHJe1-lw,http://www.youtube.com/channel/UC6jC6rHgoPN8SRUCHJe1-lw,The Daily Mash
UC78NfBf28AQe3x7-SbbMC2A,http://www.youtube.com/channel/UC78NfBf28AQe3x7-SbbMC2A,U.S. Court of Appeals for the Federal Circuit
UC7McHNOsrUL2fRxTB_xvgRQ,http://www.youtube.com/channel/UC7McHNOsrUL2fRxTB_xvgRQ,Johnny Carson
UC7XRmbTK8qsW_igJ_DfOhVQ,http://www.youtube.com/channel/UC7XRmbTK8qsW_igJ_DfOhVQ,Dylan Goldby
UC7m9SEbWE8Zs0KC17ppQ9-Q,http://www.youtube.com/channel/UC7m9SEbWE8Zs0KC17ppQ9-Q,Gia Margaret
UC8HJ9U4X2bWwZ2hp0bxWp_g,http://www.youtube.com/channel/UC8HJ9U4X2bWwZ2hp0bxWp_g,Led Zeppelin Archives
UC8m6LIy6TAPrOAdcAbhzQ8g,http://www.youtube.com/channel/UC8m6LIy6TAPrOAdcAbhzQ8g,Mobile Fidelity Sound Lab
UC93DXO3qw_ywxFwzXyiOBmQ,http://www.youtube.com/channel/UC93DXO3qw_ywxFwzXyiOBmQ,Total Environment Music Foundation
UC9xnc0_xfpq-BenyBJMyKJA,http://www.youtube.com/channel/UC9xnc0_xfpq-BenyBJMyKJA,Sean Martinelli
UC9zRO0zF3r8vpa_RL80OqDQ,http://www.youtube.com/channel/UC9zRO0zF3r8vpa_RL80OqDQ,Oberheim Official
UCA33Nw-fSCPuFeBFLibChvg,http://www.youtube.com/channel/UCA33Nw-fSCPuFeBFLibChvg,Ethan Davis
UCAIfWsWcFwncQv_ETAOL-Eg,http://www.youtube.com/channel/UCAIfWsWcFwncQv_ETAOL-Eg,Parlogram
UCAMR64jzvyg7lqTXIsNH-Mw,http://www.youtube.com/channel/UCAMR64jzvyg7lqTXIsNH-Mw,Hyperspace Stories
UCAa4GphIbgerUIEbdvKBVVg,http://www.youtube.com/channel/UCAa4GphIbgerUIEbdvKBVVg,OTOMACHINES
UCAlTDckOOQ2jREOvuCShGbw,http://www.youtube.com/channel/UCAlTDckOOQ2jREOvuCShGbw,Bob Marley
UCAuUUnT6oDeKwE6v1NGQxug,http://www.youtube.com/channel/UCAuUUnT6oDeKwE6v1NGQxug,TED
UCB0ABGbdSggBXLF0UdN4d5A,http://www.youtube.com/channel/UCB0ABGbdSggBXLF0UdN4d5A,The Muppets
UCBD5sJsQ4GGKlqydRHXdwYA,http://www.youtube.com/channel/UCBD5sJsQ4GGKlqydRHXdwYA,Kieran Hayes Photography
UCBXWuHtNIyfDPJVr-Jsu3kA,http://www.youtube.com/channel/UCBXWuHtNIyfDPJVr-Jsu3kA,Jason Roberts Video
UCB_Z6rBg3WW3NL4-QimhC2A,http://www.youtube.com/channel/UCB_Z6rBg3WW3NL4-QimhC2A,The Rolling Stones
UCBgX7mBIBtEunDOZIq3HAVw,http://www.youtube.com/channel/UCBgX7mBIBtEunDOZIq3HAVw,Paul Reid Photography
UCBmsCrH4fxoENqJ9CHLQoHQ,http://www.youtube.com/channel/UCBmsCrH4fxoENqJ9CHLQoHQ,Taku Kumabe
UCBymlfdKqfkvjBHn-cZOHbw,http://www.youtube.com/channel/UCBymlfdKqfkvjBHn-cZOHbw,New Canaan Museum & Historical Society
UCBzjMuMvcakrvEzSSo4fZkQ,http://www.youtube.com/channel/UCBzjMuMvcakrvEzSSo4fZkQ,Magic of Light by photographer Thorsten Overgaard
UCC4-T-r8FWh9Gl3UyK3BLNg,http://www.youtube.com/channel/UCC4-T-r8FWh9Gl3UyK3BLNg,Classic Prairie Home Companion
UCCMo6F7pLIg_xF0wD-M6oHQ,http://www.youtube.com/channel/UCCMo6F7pLIg_xF0wD-M6oHQ,HDpiano
UCCbP5cOWp9s75x_r6xq7LcQ,http://www.youtube.com/channel/UCCbP5cOWp9s75x_r6xq7LcQ,Fatboy Slim
UCCj956IF62FbT7Gouszaj9w,http://www.youtube.com/channel/UCCj956IF62FbT7Gouszaj9w,BBC
UCCwXWdQplS9iGCr1ivXHcJg,http://www.youtube.com/channel/UCCwXWdQplS9iGCr1ivXHcJg,Music Vault
UCDEPOd0RCvw8iSTqFpSBZLA,http://www.youtube.com/channel/UCDEPOd0RCvw8iSTqFpSBZLA,Phish
UCE2QXz8z98q2NV5QqkdICrA,http://www.youtube.com/channel/UCE2QXz8z98q2NV5QqkdICrA,Wimberley Inc
UCE726FE44ZKHuu8bN5kTz1A,http://www.youtube.com/channel/UCE726FE44ZKHuu8bN5kTz1A,RRGEMS Records
UCEAY1udDi0HBnu7BbxDsJUg,http://www.youtube.com/channel/UCEAY1udDi0HBnu7BbxDsJUg,DIY PETE
UCEMECcqKDyCvPGllKz_8Yug,http://www.youtube.com/channel/UCEMECcqKDyCvPGllKz_8Yug,Breakdowns & Blockbusters
UCEWI9tVwBLw4fF4WO3t966Q,http://www.youtube.com/channel/UCEWI9tVwBLw4fF4WO3t966Q,Scott Dawson
UCEiY6nJkk7h9l_ZZtN4Xwmw,http://www.youtube.com/channel/UCEiY6nJkk7h9l_ZZtN4Xwmw,acousticsoundsks
UCEu4zYAMGPBi3vGAiEA5srg,http://www.youtube.com/channel/UCEu4zYAMGPBi3vGAiEA5srg,Seu Jorge
UCF2Y92xJORglC1xLO_zyObQ,http://www.youtube.com/channel/UCF2Y92xJORglC1xLO_zyObQ,Wex Photo Video
UCFC8Vt3FY_7svm_SOBK5aIQ,http://www.youtube.com/channel/UCFC8Vt3FY_7svm_SOBK5aIQ,The Dick Cavett Show
UCFQKBD-GEwrGu3wBN_0yA7Q,http://www.youtube.com/channel/UCFQKBD-GEwrGu3wBN_0yA7Q,Paul Solt
UCFRPSrN7QpjP8yPsvaE-ojg,http://www.youtube.com/channel/UCFRPSrN7QpjP8yPsvaE-ojg,healthyatnbcu
UCFSILgKCKo35QYGz8Kob51g,http://www.youtube.com/channel/UCFSILgKCKo35QYGz8Kob51g,StudiocanalUK
UCFb0L4MQziTjEsJKTbFgm8Q,http://www.youtube.com/channel/UCFb0L4MQziTjEsJKTbFgm8Q,SCTV
UCFeQix9SwTbEjQCG0JUphRg,http://www.youtube.com/channel/UCFeQix9SwTbEjQCG0JUphRg,Deaf Crocodile
UCGE-VtWSIea24zojUwpeBYg,http://www.youtube.com/channel/UCGE-VtWSIea24zojUwpeBYg,Christopher Hazard
UCGXN_HBlsni3oe1kKc-5B-A,http://www.youtube.com/channel/UCGXN_HBlsni3oe1kKc-5B-A,Uncle Floyd Show
UCG_Fc7mz0mbEMYnXDhfZlTQ,http://www.youtube.com/channel/UCG_Fc7mz0mbEMYnXDhfZlTQ,BahrCreative
UCGm3CO6LPcN-Y7HIuyE0Rew,http://www.youtube.com/channel/UCGm3CO6LPcN-Y7HIuyE0Rew,Monty Python
UCGtZHv5KB7V8G2THzaQHcaA,http://www.youtube.com/channel/UCGtZHv5KB7V8G2THzaQHcaA,Stephen Colbert
UCHHqGs3reVzjf7LmC5F4ltA,http://www.youtube.com/channel/UCHHqGs3reVzjf7LmC5F4ltA,Star Wars: Tales Untold
UCHOK_U0uaPeZNwykaaHS1sQ,http://www.youtube.com/channel/UCHOK_U0uaPeZNwykaaHS1sQ,Rupert Neve
UCHP-KQAJgXu4Wo2Xq4-eNow,http://www.youtube.com/channel/UCHP-KQAJgXu4Wo2Xq4-eNow,Reverb
UCHbpiYXpB976y4SnxIt126w,http://www.youtube.com/channel/UCHbpiYXpB976y4SnxIt126w,LateNighter
UCHgtMt-E5Ok85Xlem9btqFg,http://www.youtube.com/channel/UCHgtMt-E5Ok85Xlem9btqFg,All you need is Blues & Jazz
UCHtlpRY1PbvsyxrHXV429mQ,http://www.youtube.com/channel/UCHtlpRY1PbvsyxrHXV429mQ,Hank Dietle's Tavern
UCHyjsn5b0SSktKrbXSZJWrA,http://www.youtube.com/channel/UCHyjsn5b0SSktKrbXSZJWrA,Kyle Meshna
UCI3XOx7AS4fKGmu4zCaWgFA,http://www.youtube.com/channel/UCI3XOx7AS4fKGmu4zCaWgFA,Radio Heartland
UCI4-lWlKDRdWQ6_k9zOn5yg,http://www.youtube.com/channel/UCI4-lWlKDRdWQ6_k9zOn5yg,The Shakedown Archives
UCINb0wqPz-A0dV9nARjJlOQ,http://www.youtube.com/channel/UCINb0wqPz-A0dV9nARjJlOQ,The Dodo
UCIO96VjIY-1e5H1O2H6Km9Q,http://www.youtube.com/channel/UCIO96VjIY-1e5H1O2H6Km9Q,Women's March
UCIcCXe3iWo6lq-iWKV40Oug,http://www.youtube.com/channel/UCIcCXe3iWo6lq-iWKV40Oug,In The Mix
UCIcgGfaeUGYJSo7bLeUr1hw,http://www.youtube.com/channel/UCIcgGfaeUGYJSo7bLeUr1hw,United States Courts
UCIfHxEN9eJ64od9fSZ_gYeg,http://www.youtube.com/channel/UCIfHxEN9eJ64od9fSZ_gYeg,BOB BRADLEY
UCIlmkqi7QPZYd7JcNHspD3Q,http://www.youtube.com/channel/UCIlmkqi7QPZYd7JcNHspD3Q,Tag Of Bricks
UCJNky9LM9wx0cmWfrg5eUcw,http://www.youtube.com/channel/UCJNky9LM9wx0cmWfrg5eUcw,I'm not Norm
UCJam6x5jrbVwDT9ql9KJ_Ig,http://www.youtube.com/channel/UCJam6x5jrbVwDT9ql9KJ_Ig,Chemical Engineering Guy
UCJcKDUFFnnSYRQ6oiYDYF8A,http://www.youtube.com/channel/UCJcKDUFFnnSYRQ6oiYDYF8A,mathphotographer
UCJtvg6ZFwzdFdtcHBqetvwg,http://www.youtube.com/channel/UCJtvg6ZFwzdFdtcHBqetvwg,Frank Sinatra
UCJvlgVPbcb9MBECPRzvjtmg,http://www.youtube.com/channel/UCJvlgVPbcb9MBECPRzvjtmg,Brian Halverson
UCKAaY2d_EQJcWWmwFVvhMxw,http://www.youtube.com/channel/UCKAaY2d_EQJcWWmwFVvhMxw,David elsewhere
UCKTMLW8dqMMHIaIwS9gh3VA,http://www.youtube.com/channel/UCKTMLW8dqMMHIaIwS9gh3VA,AllDavidLetterman
UCKeLiGw2lmchAjK_humriRw,http://www.youtube.com/channel/UCKeLiGw2lmchAjK_humriRw,Jon Brion 
UCLd5ucnvGl5A0lohJQWVIsw,http://www.youtube.com/channel/UCLd5ucnvGl5A0lohJQWVIsw,Blue Note Records
UCM9teV5shiTt-0CNosPUYGA,http://www.youtube.com/channel/UCM9teV5shiTt-0CNosPUYGA,The Honeydogs
UCMLRL8SFdYOV1bxjHkHP1tA,http://www.youtube.com/channel/UCMLRL8SFdYOV1bxjHkHP1tA,Mastering․com
UCMOpt5g2ngq2Bg7JTcUMnmA,http://www.youtube.com/channel/UCMOpt5g2ngq2Bg7JTcUMnmA,Rob Allen
UCMiWmymtslamqpfTT74DcqQ,http://www.youtube.com/channel/UCMiWmymtslamqpfTT74DcqQ,New York Botanical Garden
UCNMe_yeW_kCrjRImbUiQ3ZA,http://www.youtube.com/channel/UCNMe_yeW_kCrjRImbUiQ3ZA,Goose
UCNPyTSsBGAitEaIstkurEjQ,http://www.youtube.com/channel/UCNPyTSsBGAitEaIstkurEjQ,Michael Young Kim
UCNgE1lD3XKiolJRYLAarFqw,http://www.youtube.com/channel/UCNgE1lD3XKiolJRYLAarFqw,"GAY, NERD, FILMMAKER"
UCNlCzYVpJ00LxF1I3n-X81A,http://www.youtube.com/channel/UCNlCzYVpJ00LxF1I3n-X81A,Gaston Shutters
UCNob-t1S-SxD7JnqJAo151A,http://www.youtube.com/channel/UCNob-t1S-SxD7JnqJAo151A,Not Dead Yet
UCNp5Pn_IFRWKUI9XcwwIDyA,http://www.youtube.com/channel/UCNp5Pn_IFRWKUI9XcwwIDyA,Leica Camera Australia
UCNth6_Mzcbwvx4Mr_Q78-yw,http://www.youtube.com/channel/UCNth6_Mzcbwvx4Mr_Q78-yw,taste4phree
UCOc4tRMd7pel6_UPMVeW7hQ,http://www.youtube.com/channel/UCOc4tRMd7pel6_UPMVeW7hQ,Max Headroom
UCOojfmX4Wq3Ww-XP_IkvviQ,http://www.youtube.com/channel/UCOojfmX4Wq3Ww-XP_IkvviQ,True Cuckoo
UCOpU6eg69kEpe1I9nkKYc7A,http://www.youtube.com/channel/UCOpU6eg69kEpe1I9nkKYc7A,NCTV
UCPGBe-muk1nzoSeAebTDpKA,http://www.youtube.com/channel/UCPGBe-muk1nzoSeAebTDpKA,Complete Digital Photography
UCPGi4q6FI81Fhr9N0fJCGZQ,http://www.youtube.com/channel/UCPGi4q6FI81Fhr9N0fJCGZQ,The Vinyl Room
UCPdsZgMylXhFeKYFeVBEnXg,http://www.youtube.com/channel/UCPdsZgMylXhFeKYFeVBEnXg,Kuro - 北国の暮らし
UCPuuuhmMW7jh6roOrIV9yRw,http://www.youtube.com/channel/UCPuuuhmMW7jh6roOrIV9yRw,Grateful Dead
UCQJz0ly741rjN_cfsW5ktYQ,http://www.youtube.com/channel/UCQJz0ly741rjN_cfsW5ktYQ,Dead & Company
UCQv0bxIpI_K0zmmCBTOttAQ,http://www.youtube.com/channel/UCQv0bxIpI_K0zmmCBTOttAQ,Dave Matthews Band
UCR4P2JbCWZie0w6xQZJLDCQ,http://www.youtube.com/channel/UCR4P2JbCWZie0w6xQZJLDCQ,Charles Mingus
UCR8yYjRLT2P1ZqVWlmjw7tw,http://www.youtube.com/channel/UCR8yYjRLT2P1ZqVWlmjw7tw,blues.in.colour
UCRTeNftWBh6ePpiqzyMNmFw,http://www.youtube.com/channel/UCRTeNftWBh6ePpiqzyMNmFw,tonebase Piano
UCRdaDlTzPZC3QHOb_siMEwQ,http://www.youtube.com/channel/UCRdaDlTzPZC3QHOb_siMEwQ,Focusrite
UCRpdKithfG65rWvtsQt0TDQ,http://www.youtube.com/channel/UCRpdKithfG65rWvtsQt0TDQ,Roger Waters
UCRtc72BMjEXQf7SrbAzLJcw,http://www.youtube.com/channel/UCRtc72BMjEXQf7SrbAzLJcw,RYAN MAKES BEATS
UCS1JsxgDEwQ8n1rMKpeppNA,http://www.youtube.com/channel/UCS1JsxgDEwQ8n1rMKpeppNA,Jazz Music Institute
UCS6G3dM2x4IBHafYeywmF1g,http://www.youtube.com/channel/UCS6G3dM2x4IBHafYeywmF1g,News 12 Connecticut
UCSTpOAgYMuKsayCG-D0MMlg,http://www.youtube.com/channel/UCSTpOAgYMuKsayCG-D0MMlg,Peter Sheppard Skaerved
UCT0dH-_II_i3r0yKR9y90NQ,http://www.youtube.com/channel/UCT0dH-_II_i3r0yKR9y90NQ,Archie Shepp
UCTJGdsyUAIOHFiFvPD-JWrg,http://www.youtube.com/channel/UCTJGdsyUAIOHFiFvPD-JWrg,NektarTechnology
UCTikbgB8GTAVtsz2cC0ndrQ,http://www.youtube.com/channel/UCTikbgB8GTAVtsz2cC0ndrQ,M. Special TV
UCTmELAZwhoEfDHFzlLRBhSw,http://www.youtube.com/channel/UCTmELAZwhoEfDHFzlLRBhSw,Degritter
UCToo-aQG9WPedglrP1jhZVg,http://www.youtube.com/channel/UCToo-aQG9WPedglrP1jhZVg,universityofambience
UCUHqkV1Om5q3JFxeIqaHjrw,http://www.youtube.com/channel/UCUHqkV1Om5q3JFxeIqaHjrw,Sacred Media One
UCUd8cgHA1bZlrOUsKNGMFXQ,http://www.youtube.com/channel/UCUd8cgHA1bZlrOUsKNGMFXQ,Igor's Piano Tutorials (Archived Channel)
UCUxNZEOdVy77QiiSTHk8bug,http://www.youtube.com/channel/UCUxNZEOdVy77QiiSTHk8bug,The Beach Boys
UCVGBO-DxwRpph-P6Z_4sNFA,http://www.youtube.com/channel/UCVGBO-DxwRpph-P6Z_4sNFA,Timberwolves Goat
UCVT1tPkR-fUVlO652EcO3ow,http://www.youtube.com/channel/UCVT1tPkR-fUVlO652EcO3ow,CBS Sunday Morning
UCVUx0VcNxnHx7ZjuZK5Sthw,http://www.youtube.com/channel/UCVUx0VcNxnHx7ZjuZK5Sthw,Letterman
UCVWmcFDWz7evOe0Zbly3l8Q,http://www.youtube.com/channel/UCVWmcFDWz7evOe0Zbly3l8Q,Don Giller
UCVlMUh4WsDQvOxCJJXmWwdw,http://www.youtube.com/channel/UCVlMUh4WsDQvOxCJJXmWwdw,Matthew Moniz
UCWAHOa11kqPZ4gbAJMwkL9w,http://www.youtube.com/channel/UCWAHOa11kqPZ4gbAJMwkL9w,Atomic Dogg
UCWNpXitY8eJ-ku6M-v25MKw,http://www.youtube.com/channel/UCWNpXitY8eJ-ku6M-v25MKw,Joe Biden
UCWP1QXWPWWw1PIEtLudRjQw,http://www.youtube.com/channel/UCWP1QXWPWWw1PIEtLudRjQw,Aleksey Koldunov
UCWstLaT61QUc-TvfxOjNpFw,http://www.youtube.com/channel/UCWstLaT61QUc-TvfxOjNpFw,Bernard Marr
UCX8uVNqXqrnllTmAl4fm9dg,http://www.youtube.com/channel/UCX8uVNqXqrnllTmAl4fm9dg,80s Child
UCXCub_g0HThj3z2Ok42VoQQ,http://www.youtube.com/channel/UCXCub_g0HThj3z2Ok42VoQQ,Jeremy Smith
UCXdHF7uG0ueykGG1XdVQ0ig,http://www.youtube.com/channel/UCXdHF7uG0ueykGG1XdVQ0ig,SYNTH SAMURAI
UCY2qt3dw2TQJxvBrDiYGHdQ,http://www.youtube.com/channel/UCY2qt3dw2TQJxvBrDiYGHdQ,Pink Floyd
UCY6ORRR2ZrDytowzLe_vnqg,http://www.youtube.com/channel/UCY6ORRR2ZrDytowzLe_vnqg,tcmedianow
UCYA8Z_LdbJtAZKHFI6OuXKg,http://www.youtube.com/channel/UCYA8Z_LdbJtAZKHFI6OuXKg,CSound
UCYO_jab_esuFRV4b17AJtAw,http://www.youtube.com/channel/UCYO_jab_esuFRV4b17AJtAw,3Blue1Brown
UCYicqa83y7EVsMLRuIQ4q6A,http://www.youtube.com/channel/UCYicqa83y7EVsMLRuIQ4q6A,Dylan Paris
UCYkSWMBi1pZUqjs2OngjUyA,http://www.youtube.com/channel/UCYkSWMBi1pZUqjs2OngjUyA,Carolina Eyck
UCYzeIbJic6iEuXlFkK9ikOg,http://www.youtube.com/channel/UCYzeIbJic6iEuXlFkK9ikOg,Tedeschi Trucks Band
UCZ47xDf0z3RsvJ-FqLyoLIA,http://www.youtube.com/channel/UCZ47xDf0z3RsvJ-FqLyoLIA,Nick Foley UK - Hammond for Hire
UCZFCHqptKSNpEW3E71POK2g,http://www.youtube.com/channel/UCZFCHqptKSNpEW3E71POK2g,Owen by the Oven
UCZG-C5esGZyVfxO2qXa1Zmw,http://www.youtube.com/channel/UCZG-C5esGZyVfxO2qXa1Zmw,Jared Polin
UCZGYJFUizSax-yElQaFDp5Q,http://www.youtube.com/channel/UCZGYJFUizSax-yElQaFDp5Q,Star Wars
UCZrvodIV5I4meIJl8P2NF6A,http://www.youtube.com/channel/UCZrvodIV5I4meIJl8P2NF6A,Luke Million
UC__2_0RJ8XnHt2angfw6S1Q,http://www.youtube.com/channel/UC__2_0RJ8XnHt2angfw6S1Q,KOMO News
UCaAWhJyOm88zSKGHHGEV_Cw,http://www.youtube.com/channel/UCaAWhJyOm88zSKGHHGEV_Cw,Safe & Sound Texas Audio Excursion
UCaFGDBmGK_jw66u3av2Ysjw,http://www.youtube.com/channel/UCaFGDBmGK_jw66u3av2Ysjw,MacRumors
UCaY1xvuHPq6PyKkTfteuutg,http://www.youtube.com/channel/UCaY1xvuHPq6PyKkTfteuutg,Classics Collection
UCaZvyVGiZc8AFLPX4vDZ9xg,http://www.youtube.com/channel/UCaZvyVGiZc8AFLPX4vDZ9xg,Kiss the Tiger - Topic
UCajXeitgFL-rb5-gXI-aG8Q,http://www.youtube.com/channel/UCajXeitgFL-rb5-gXI-aG8Q,Great Big Story
UCavTlRz3J9lVxpcq8j3LD3g,http://www.youtube.com/channel/UCavTlRz3J9lVxpcq8j3LD3g,Jerry Garcia
UCb3-mdatSwcnVkRAr3w9VBA,http://www.youtube.com/channel/UCb3-mdatSwcnVkRAr3w9VBA,Leon Russell
UCb4GVe1qSCpWJYxcCF_EmOA,http://www.youtube.com/channel/UCb4GVe1qSCpWJYxcCF_EmOA,Roman Fox
UCba2uIYq75m6SNuK8TtmG9A,http://www.youtube.com/channel/UCba2uIYq75m6SNuK8TtmG9A,Disturb Reality
UCbpMy0Fg74eXXkvxJrtEn3w,http://www.youtube.com/channel/UCbpMy0Fg74eXXkvxJrtEn3w,Bon Appétit
UCbrFigpt7MK-NmiMFkrCuHA,http://www.youtube.com/channel/UCbrFigpt7MK-NmiMFkrCuHA,Shirt School With Kerry Egeler
UCbvYRHKJ8gpC_Vsd5r15hbA,http://www.youtube.com/channel/UCbvYRHKJ8gpC_Vsd5r15hbA,Belmond
UCc0oWkSdY7EqTKy5Yv7UmEQ,http://www.youtube.com/channel/UCc0oWkSdY7EqTKy5Yv7UmEQ,Tom Voyage
UCc1G80Jjz1vkJKVqUy2zmoQ,http://www.youtube.com/channel/UCc1G80Jjz1vkJKVqUy2zmoQ,45 RPM Audiophile
UCc4K7bAqpdBP8jh1j9XZAww,http://www.youtube.com/channel/UCc4K7bAqpdBP8jh1j9XZAww,The Beatles
UCcLHAkkZC3ti620_8SOCa3A,http://www.youtube.com/channel/UCcLHAkkZC3ti620_8SOCa3A,Matthew Stratton
UCcl05-FAgNF7doyWDlsU2Ow,http://www.youtube.com/channel/UCcl05-FAgNF7doyWDlsU2Ow,Tony Saldaña Jr.
UCdG-Sinh_hP07z-dUNXdpCQ,http://www.youtube.com/channel/UCdG-Sinh_hP07z-dUNXdpCQ,SUZUKI
UCdcemy56JtVTrsFIOoqvV8g,http://www.youtube.com/channel/UCdcemy56JtVTrsFIOoqvV8g,ANDREW HUANG
UCduT0bdBamdsK2pyHHarVAg,http://www.youtube.com/channel/UCduT0bdBamdsK2pyHHarVAg,Star Wars: Lost Legends
UCeeYTZnBXPJiYHJVfGn9NWg,http://www.youtube.com/channel/UCeeYTZnBXPJiYHJVfGn9NWg,"Andertons Synths, Keys and Tech"
UCeveumRTn2o--9j1Xz2KUCQ,http://www.youtube.com/channel/UCeveumRTn2o--9j1Xz2KUCQ,RunTheJewels
UCf8nsfrkjJDxNgF-aWZqTVw,http://www.youtube.com/channel/UCf8nsfrkjJDxNgF-aWZqTVw,Decostruttori Postmodernisti
UCfRUa1Z5gTknsMMaKLthZIg,http://www.youtube.com/channel/UCfRUa1Z5gTknsMMaKLthZIg,Mercedes-Benz USA
UCftwRNsjfRo08xYE31tkiyw,http://www.youtube.com/channel/UCftwRNsjfRo08xYE31tkiyw,WIRED
UCg8s8l4g3zHazu8q7VTWoEQ,http://www.youtube.com/channel/UCg8s8l4g3zHazu8q7VTWoEQ,Voices of Arda
UCgHC3J__UPXEcJOqC089Nnw,http://www.youtube.com/channel/UCgHC3J__UPXEcJOqC089Nnw,Nu-Trix The Synth Guy
UCgHj7p79mwLmlg01mgAGzVg,http://www.youtube.com/channel/UCgHj7p79mwLmlg01mgAGzVg,iDeviceHelp
UCgWZYUZjiidjWgfs95pJrWg,http://www.youtube.com/channel/UCgWZYUZjiidjWgfs95pJrWg,Ableton
UCgukEGj1BGhz2S9wO7FdNzQ,http://www.youtube.com/channel/UCgukEGj1BGhz2S9wO7FdNzQ,Johnnysvintagemotorcycle
UCgy0wnJan4JwrssP_BZPq3A,http://www.youtube.com/channel/UCgy0wnJan4JwrssP_BZPq3A,neo - Sacrés Français
UCgyeJxD05YnoDquRMNBfBqw,http://www.youtube.com/channel/UCgyeJxD05YnoDquRMNBfBqw,PBS
UChH2l1MuRVI5EIAH1uJ7WMQ,http://www.youtube.com/channel/UChH2l1MuRVI5EIAH1uJ7WMQ,The Leigh Kamman Legacy Project
UChJ-fNfScU8wLAgP9_OVbLA,http://www.youtube.com/channel/UChJ-fNfScU8wLAgP9_OVbLA,steviewonderoff
UChUi5Gm8w-S_d6dS31cFCnQ,http://www.youtube.com/channel/UChUi5Gm8w-S_d6dS31cFCnQ,Steve Perry
UChnxLLvzviaR5NeKOevB8iQ,http://www.youtube.com/channel/UChnxLLvzviaR5NeKOevB8iQ,Red Means Recording
UCi7GJNg51C3jgmYTUwqoUXA,http://www.youtube.com/channel/UCi7GJNg51C3jgmYTUwqoUXA,Team Coco
UCidn7JF0IjiczL74qvQoaGA,http://www.youtube.com/channel/UCidn7JF0IjiczL74qvQoaGA,Akai Professional
UCidvz_O5zdX7z2mr4zkeL2g,http://www.youtube.com/channel/UCidvz_O5zdX7z2mr4zkeL2g,Jane
UCiir91HS4l1LIzciceRjCxQ,http://www.youtube.com/channel/UCiir91HS4l1LIzciceRjCxQ,JoeRussos AlmostDead
UCioR8PpSJMPW97ylNhBPAug,http://www.youtube.com/channel/UCioR8PpSJMPW97ylNhBPAug,Sam Records
UCjBp4-gYckboDrfxNFFAvig,http://www.youtube.com/channel/UCjBp4-gYckboDrfxNFFAvig,BellisarioSonic
UCjPPmKn7x6WeXwSVJhcIFjA,http://www.youtube.com/channel/UCjPPmKn7x6WeXwSVJhcIFjA,Jake Wheeler
UCjWjwD6aDJ-s8p-k-gy-vGA,http://www.youtube.com/channel/UCjWjwD6aDJ-s8p-k-gy-vGA,SmallsLIVE
UCjXmNnJm9jwtGg094LRoFOw,http://www.youtube.com/channel/UCjXmNnJm9jwtGg094LRoFOw,AIRfrenchbandofficial
UCjaAJbhTy0b6sL1XiDD1ueQ,http://www.youtube.com/channel/UCjaAJbhTy0b6sL1XiDD1ueQ,Confusianity
UCjfY3q5vgp-JuoEDoHwoCkw,http://www.youtube.com/channel/UCjfY3q5vgp-JuoEDoHwoCkw,Jazz Vinyl Audiophile Ken Micallef
UCjvrfjOvYHEgrRaY5uybo0Q,http://www.youtube.com/channel/UCjvrfjOvYHEgrRaY5uybo0Q,DISCOS REDONDOS  ( FULL ALBUMS )
UCk8sa4D-Wnymz-w7uVbjfzA,http://www.youtube.com/channel/UCk8sa4D-Wnymz-w7uVbjfzA,Relix
UCkDCZnGoiha9rXhuhMR3auw,http://www.youtube.com/channel/UCkDCZnGoiha9rXhuhMR3auw,Andrew Dixon
UCkO8Q-4aBBigFYJ86T3ZkhQ,http://www.youtube.com/channel/UCkO8Q-4aBBigFYJ86T3ZkhQ,Newhart Full Episodes
UCkOvrKzWT6FW9DTSceCDoCA,http://www.youtube.com/channel/UCkOvrKzWT6FW9DTSceCDoCA,Arturia
UCkV69aZ041agR5LyQIoV9Jw,http://www.youtube.com/channel/UCkV69aZ041agR5LyQIoV9Jw,OLED Safe Screensavers
UCkXN3qbJRXDu2zJOwtp8r5g,http://www.youtube.com/channel/UCkXN3qbJRXDu2zJOwtp8r5g,SocialNRG Presents
UCkmcvAq9QxTRJcQCG8EBoaw,http://www.youtube.com/channel/UCkmcvAq9QxTRJcQCG8EBoaw,Ryan Raddatz
UCkrsdIMiJbWjbUJq3gMme-w,http://www.youtube.com/channel/UCkrsdIMiJbWjbUJq3gMme-w,Sweetwater Soundcheck
UCkyV4HhPfNcUyLNWb2F_XWw,http://www.youtube.com/channel/UCkyV4HhPfNcUyLNWb2F_XWw,Django Reinhardt
UClYDoTmBdnafBCHhnUCqvtw,http://www.youtube.com/channel/UClYDoTmBdnafBCHhnUCqvtw,Epic Spaceman
UClh2CI968a1tE8pQ31pg_Ww,http://www.youtube.com/channel/UClh2CI968a1tE8pQ31pg_Ww,Rock & Roll Hall of Fame
UCllX7TAzmVUMM0KOG_TEyBw,http://www.youtube.com/channel/UCllX7TAzmVUMM0KOG_TEyBw,NCTV 78
UCmPp8BlUyOe-Sk3Je9vz3rA,http://www.youtube.com/channel/UCmPp8BlUyOe-Sk3Je9vz3rA,Nathanial Young
UCmUpllWyvJ2eNCbZcNBJb4Q,http://www.youtube.com/channel/UCmUpllWyvJ2eNCbZcNBJb4Q,TIFF
UCmjNQjjxPOP9jMTQAqaP1PQ,http://www.youtube.com/channel/UCmjNQjjxPOP9jMTQAqaP1PQ,Gordon Laing
UCmnlTWVJysjWPFiZhQ5uudg,http://www.youtube.com/channel/UCmnlTWVJysjWPFiZhQ5uudg,Marty Music
UCmoaL0bruSj83YJa2chWzGQ,http://www.youtube.com/channel/UCmoaL0bruSj83YJa2chWzGQ,Paul Steinbruner
UCms9PJGpBiNJd8e1CJ37zWQ,http://www.youtube.com/channel/UCms9PJGpBiNJd8e1CJ37zWQ,KORG
UCn6fqRkqxmMssNF6oaTTkzw,http://www.youtube.com/channel/UCn6fqRkqxmMssNF6oaTTkzw,NCTV79
UCnYJvw2u3aG9ItwHXm8PbCA,http://www.youtube.com/channel/UCnYJvw2u3aG9ItwHXm8PbCA,Hudson Henry Photography
UCo64g51-fOYw2KZe1Jac2AQ,http://www.youtube.com/channel/UCo64g51-fOYw2KZe1Jac2AQ,Giuseppe Di Giovanna
UCoKgqaxFrkwnffyfyhKhC2w,http://www.youtube.com/channel/UCoKgqaxFrkwnffyfyhKhC2w,Rubin Observatory
UCoLIJK6BFx4hREQ2qfUHyDg,http://www.youtube.com/channel/UCoLIJK6BFx4hREQ2qfUHyDg,Simon Burn
UCoLrcjPV5PbUrUyXq5mjc_A,http://www.youtube.com/channel/UCoLrcjPV5PbUrUyXq5mjc_A,MLB
UCoU0PYNZQXRhFrDdffDCVhQ,http://www.youtube.com/channel/UCoU0PYNZQXRhFrDdffDCVhQ,Jan Wegener
UCofXdbFoiyYOHu-rVFmtjvQ,http://www.youtube.com/channel/UCofXdbFoiyYOHu-rVFmtjvQ,Chicken Soup for the Soul TV
UComF7R7JOOliWvFEdQAijBA,http://www.youtube.com/channel/UComF7R7JOOliWvFEdQAijBA,FrenchEntrée
UCp57MJpe_BxdrbHNR3Q8HMA,http://www.youtube.com/channel/UCp57MJpe_BxdrbHNR3Q8HMA,Sarah2ill
UCpKB2KNjmtmjsb3p3z7VQvQ,http://www.youtube.com/channel/UCpKB2KNjmtmjsb3p3z7VQvQ,Kenny Matthews
UCpYCxV51bykhMY-wSUozQRg,http://www.youtube.com/channel/UCpYCxV51bykhMY-wSUozQRg,The Lincoln Project
UCpgLmY0SJNme1LhqtDrD08w,http://www.youtube.com/channel/UCpgLmY0SJNme1LhqtDrD08w,Flat Roof Doctor
UCqP1gIWh2SM3lRXf373gMNQ,http://www.youtube.com/channel/UCqP1gIWh2SM3lRXf373gMNQ,DPReview TV
UCqRFm36AfUaCPt864Dh7dGA,http://www.youtube.com/channel/UCqRFm36AfUaCPt864Dh7dGA,gordongeekstad
UCqVDpXKLmKeBU_yyt_QkItQ,http://www.youtube.com/channel/UCqVDpXKLmKeBU_yyt_QkItQ,YouTube Originals
UCrDDpJQ1isi5WwxsAsdza5A,http://www.youtube.com/channel/UCrDDpJQ1isi5WwxsAsdza5A,Abel Boquera
UCrL4HtiKWddH-9jkMXgudEA,http://www.youtube.com/channel/UCrL4HtiKWddH-9jkMXgudEA,SurferToday
UCrMDWzUugDhKpBe4MgPiJ1A,http://www.youtube.com/channel/UCrMDWzUugDhKpBe4MgPiJ1A,Norman Maslov 
UCrSSB3ymfBGktEufiIsf9lw,http://www.youtube.com/channel/UCrSSB3ymfBGktEufiIsf9lw,Montefiore Health System
UCrWxiS9N-SuyYgtfcMBGcZA,http://www.youtube.com/channel/UCrWxiS9N-SuyYgtfcMBGcZA,Wades Ramsey
UCroHvqRakNmvz7X7O95R41w,http://www.youtube.com/channel/UCroHvqRakNmvz7X7O95R41w,Jeff Rauseo
UCrvZEOE9u7xBc_pT2W_BGPw,http://www.youtube.com/channel/UCrvZEOE9u7xBc_pT2W_BGPw,Harrison Weinreb
UCry7B7DGVgUIa6k4Tis_DJQ,http://www.youtube.com/channel/UCry7B7DGVgUIa6k4Tis_DJQ,Ricky Gervais
UCs9tH6M6AW16i3s8WabzAfA,http://www.youtube.com/channel/UCs9tH6M6AW16i3s8WabzAfA,nugs
UCsXRkNIkqqezwTSfnbgBzSg,http://www.youtube.com/channel/UCsXRkNIkqqezwTSfnbgBzSg,Telepathic Instruments
UCsgpMa8luXV82KDPamsLt2w,http://www.youtube.com/channel/UCsgpMa8luXV82KDPamsLt2w,Joshua Charow
UCshIZo61yWqsMAYxGjrD9vw,http://www.youtube.com/channel/UCshIZo61yWqsMAYxGjrD9vw,pbthal
UCsoanheX_WHmkc6mcGFB0Xw,http://www.youtube.com/channel/UCsoanheX_WHmkc6mcGFB0Xw,FirstAvenue7StEntry
UCsx6vv8izcm9T857KduEcwA,http://www.youtube.com/channel/UCsx6vv8izcm9T857KduEcwA,Craft Recordings
UCsyXEGzXNTeDrsPB7uWNxYw,http://www.youtube.com/channel/UCsyXEGzXNTeDrsPB7uWNxYw,Generic Photographer
UCt52GJlQUyBV8-l4f6sL5Nw,http://www.youtube.com/channel/UCt52GJlQUyBV8-l4f6sL5Nw,gnarly.music
UCt5OA3LingpZBeEyPYmputQ,http://www.youtube.com/channel/UCt5OA3LingpZBeEyPYmputQ,New Scientist
UCtDd1HxzPTmvdwHa-cylISg,http://www.youtube.com/channel/UCtDd1HxzPTmvdwHa-cylISg,Evan Ranft
UCtZ6qwLISrbRkYG2oBYLz3g,http://www.youtube.com/channel/UCtZ6qwLISrbRkYG2oBYLz3g,Ryan Bingham
UCthKsPC9XDOkwJnousFS47Q,http://www.youtube.com/channel/UCthKsPC9XDOkwJnousFS47Q,Kodak Super8
UCttHfm5NBmdSSMqaYCC5Wig,http://www.youtube.com/channel/UCttHfm5NBmdSSMqaYCC5Wig,Jazz Bums
UCu1R-PodIMk0liS7OGSUboQ,http://www.youtube.com/channel/UCu1R-PodIMk0liS7OGSUboQ,Jay Hosking
UCu5bUG7OpJgSw0f8drH6gWA,http://www.youtube.com/channel/UCu5bUG7OpJgSw0f8drH6gWA,Maple Films
UCuA8vYqCPCDSpvO2KRrKG1w,http://www.youtube.com/channel/UCuA8vYqCPCDSpvO2KRrKG1w,The Jazz Library
UCuPivVjnfNo4mb3Oog_frZg,http://www.youtube.com/channel/UCuPivVjnfNo4mb3Oog_frZg,A24
UCuTNvemdHkE13hEXyx1FR7Q,http://www.youtube.com/channel/UCuTNvemdHkE13hEXyx1FR7Q,WCB JAZZ VINYL
UCuc-M9CoTGFUZ3weRVVkZ0A,http://www.youtube.com/channel/UCuc-M9CoTGFUZ3weRVVkZ0A,mr tambourine
UCudZmDC1Ep6AE_kTPBG9T6w,http://www.youtube.com/channel/UCudZmDC1Ep6AE_kTPBG9T6w,Golden FilmRetro
UCv5faLzs4gq6BJ9tUDTnkJw,http://www.youtube.com/channel/UCv5faLzs4gq6BJ9tUDTnkJw,Stefano Mannetti (Mannetts)
UCvBIeawwoYClbqjf8WSrzxA,http://www.youtube.com/channel/UCvBIeawwoYClbqjf8WSrzxA,Kemper Simpich
UCvCzYo4_Ypg5nfApyp2sbaw,http://www.youtube.com/channel/UCvCzYo4_Ypg5nfApyp2sbaw,John Greengo Photography - #1 photography educator
UCvFSCoOuiUYjo5gxgX9HzMg,http://www.youtube.com/channel/UCvFSCoOuiUYjo5gxgX9HzMg,Bobfather TV
UCvQECJukTDE2i6aCoMnS-Vg,http://www.youtube.com/channel/UCvQECJukTDE2i6aCoMnS-Vg,Big Think
UCvkstqnAN_FetXawQRdRL7Q,http://www.youtube.com/channel/UCvkstqnAN_FetXawQRdRL7Q,Your Classic Movie Channel
UCvqGJkKHb-VHgxJmuBbIfIQ,http://www.youtube.com/channel/UCvqGJkKHb-VHgxJmuBbIfIQ,Starsky Carr
UCvrgCIxYhzJQGG6HMPoU9Vg,http://www.youtube.com/channel/UCvrgCIxYhzJQGG6HMPoU9Vg,Bill Wolfer
UCw1IciEdRDx8lDJD7xaCcWw,http://www.youtube.com/channel/UCw1IciEdRDx8lDJD7xaCcWw,Mo chreach!
UCwiB4xaCbm_T-9iBFudf3qw,http://www.youtube.com/channel/UCwiB4xaCbm_T-9iBFudf3qw,Naissam Jalal
UCwx2Kh4zlQu97cXZGQrCV7Q,http://www.youtube.com/channel/UCwx2Kh4zlQu97cXZGQrCV7Q,Bill Frisell
UCxG7LPaavnpoTXTeix3CQIw,http://www.youtube.com/channel/UCxG7LPaavnpoTXTeix3CQIw,Eric 
UCxOI3PFiH_dBrPB6kCW3cFw,http://www.youtube.com/channel/UCxOI3PFiH_dBrPB6kCW3cFw,Terrapin Clubhouse
UCxa35LkCgnEXZLU1WB_ehdg,http://www.youtube.com/channel/UCxa35LkCgnEXZLU1WB_ehdg,Brooklyn Music Factory
UCxfwLDQLGcAplTSGiUMkMpA,http://www.youtube.com/channel/UCxfwLDQLGcAplTSGiUMkMpA,equalitystreet
UCxoI6TObHYXoeLF5kuyIwug,http://www.youtube.com/channel/UCxoI6TObHYXoeLF5kuyIwug,MIKE DEAN
UCxuJgU_RrAKETUInMzpbfkg,http://www.youtube.com/channel/UCxuJgU_RrAKETUInMzpbfkg,Joe Cocker
UCyD23TP_XV2hON6iGUFj0mw,http://www.youtube.com/channel/UCyD23TP_XV2hON6iGUFj0mw,Classic Studio
UCyYb6W2EHfyGjKVM26rUpWA,http://www.youtube.com/channel/UCyYb6W2EHfyGjKVM26rUpWA,Lady Confidential
UCy_bbwPsSwNmdlYpExi9fYQ,http://www.youtube.com/channel/UCy_bbwPsSwNmdlYpExi9fYQ,Devin Belanger
UCz37g6WCEtdYEWpa5wif7jw,http://www.youtube.com/channel/UCz37g6WCEtdYEWpa5wif7jw,MeTechie
UCz8guXx2NrQbdbu8CgUM0lw,http://www.youtube.com/channel/UCz8guXx2NrQbdbu8CgUM0lw,Andrea Pizzini
UCz9YXaSulpM90vC24lmAeZA,http://www.youtube.com/channel/UCz9YXaSulpM90vC24lmAeZA,Jose Rodriguez Photo Printing Techie
UCzIJVoH2RGS9Pjzab9rywZg,http://www.youtube.com/channel/UCzIJVoH2RGS9Pjzab9rywZg,Aerial Earth 🌎
UCzXwq43cFscWT4ZX9QbWwZw,http://www.youtube.com/channel/UCzXwq43cFscWT4ZX9QbWwZw,Columbo
UCzo-x3FRcQ7UG_HKi4lyQZg,http://www.youtube.com/channel/UCzo-x3FRcQ7UG_HKi4lyQZg,Nerd Initiative





